cdr3_num_nts	copies_percent	cdr3_aa
9	0.03094127729508487	
10	0.08333114980118117	
11	0.06813907702943564	
12	0.03482794328191427	
13	0.04933890414665764	
14	0.08296993048844538	
15	0.048313922217572566	
16	0.06711409510035057	
17	0.025513824346046	
18	0.06813907702943564	
19	0.12091414627608431	
20	0.08403623913599989	
21	0.4489725063893224	
22	0.13645008906991277	
23	0.0606856376500432	
24	1.0138648577018758	
25	0.16386591969090403	
26	0.14764886499007343	
27	1.2256008268606777	
28	0.15405997314972794	
29	0.10563942006739992	
30	2.7025813043667197	
31	0.18370433077709453	
32	0.2331432376513439	
33	6.016808210889865	
33	0.056407146785497714	CSNMIRGIDYW
33	0.06628502561012353	CARQYYHLDXW
34	0.32482882860559426	
35	0.31158008882726346	
36	9.069051056301223	
36	0.06557330813814109	CAREGINYFDHW
37	0.3944194110231368	
38	0.33031495756375545	
39	13.716766621170311	
40	0.5133141990060313	
41	0.4047238133067844	
42	17.752466201312238	
43	0.6129103583636761	
44	0.5357464494276583	
45	0.06628502561012353	CAKDQGVTGLDFDYW
45	0.062267751330722106	CAKAAHVDYGTYTDW
45	20.011682573282368	
46	0.6860503648831289	
47	0.7577495871679638	
48	0.25453724986955845	CAKGSSSSRPYYFDYW
48	0.05993259345959133	CAAETYSSGCCHFDYW
48	21.533443920969372	
49	0.7124345854378713	
50	0.781746601979617	
51	18.69731807342979	
51	0.06427638847042282	CGKVWDTAIFSRGVDYW
52	0.7473278328660716	
53	0.7288888792960294	
54	14.652840063796614	
54	0.1546650597569549	CARRHI*LEPLIFLFDYW
55	0.6609043879869824	
56	0.7598061791632977	
57	13.258389737045666	
58	0.08235412272772924	CARDLPPLGFNWGSLL*LL
58	0.9375539956839015	
59	0.6059181410246112	
60	11.316082462019736	
61	0.747582421314052	
62	0.6404195635750954	
63	9.029635450713986	
64	0.698948606502213	
65	0.6719832767680601	
66	6.4467341419810795	
67	0.5175620843055965	
68	0.5297205380085561	
69	4.923268258353473	
70	0.3894664363887529	
71	0.28281938368292076	
72	3.1144121519099754	
73	0.333775100091563	
74	0.3429478895813701	
75	2.0465059108587127	
76	0.3220737754126054	
77	0.28937844942580015	
78	1.3227353130709452	
79	0.15852112017880401	
80	0.17046631215225286	
81	0.9526394375908915	
82	0.11459231969053238	
83	0.138417399491144	
84	0.5281971003369995	
85	0.12414367778372813	
86	0.09403809811603402	
87	0.2922401334835445	
88	0.08497856762814608	
89	0.0647855653663835	
90	0.13662202408095422	
91	0.057734672018196286	
92	0.06044839849271572	
93	0.08875860275022003	
94	0.03200758594263938	
95	0.03397489636387066	
96	0.04660120024432163	
