cdr3_num_nts	copies_percent	cdr3_aa
48	21.533443920969372	
45	20.011682573282368	
51	18.69731807342979	
42	17.752466201312238	
54	14.652840063796614	
39	13.716766621170311	
57	13.258389737045666	
60	11.316082462019736	
36	9.069051056301223	
63	9.029635450713986	
66	6.4467341419810795	
33	6.016808210889865	
69	4.923268258353473	
72	3.1144121519099754	
30	2.7025813043667197	
75	2.0465059108587127	
78	1.3227353130709452	
27	1.2256008268606777	
24	1.0138648577018758	
81	0.9526394375908915	
58	0.9375539956839015	
50	0.781746601979617	
56	0.7598061791632977	
47	0.7577495871679638	
61	0.747582421314052	
52	0.7473278328660716	
53	0.7288888792960294	
49	0.7124345854378713	
64	0.698948606502213	
46	0.6860503648831289	
65	0.6719832767680601	
55	0.6609043879869824	
62	0.6404195635750954	
43	0.6129103583636761	
59	0.6059181410246112	
44	0.5357464494276583	
68	0.5297205380085561	
84	0.5281971003369995	
67	0.5175620843055965	
40	0.5133141990060313	
21	0.4489725063893224	
41	0.4047238133067844	
37	0.3944194110231368	
70	0.3894664363887529	
74	0.3429478895813701	
73	0.333775100091563	
38	0.33031495756375545	
34	0.32482882860559426	
76	0.3220737754126054	
35	0.31158008882726346	
87	0.2922401334835445	
77	0.28937844942580015	
71	0.28281938368292076	
48	0.25453724986955845	CAKGSSSSRPYYFDYW
32	0.2331432376513439	
31	0.18370433077709453	
80	0.17046631215225286	
25	0.16386591969090403	
79	0.15852112017880401	
54	0.1546650597569549	CARRHI*LEPLIFLFDYW
28	0.15405997314972794	
26	0.14764886499007343	
83	0.138417399491144	
90	0.13662202408095422	
22	0.13645008906991277	
85	0.12414367778372813	
19	0.12091414627608431	
82	0.11459231969053238	
29	0.10563942006739992	
86	0.09403809811603402	
93	0.08875860275022003	
88	0.08497856762814608	
20	0.08403623913599989	
10	0.08333114980118117	
14	0.08296993048844538	
58	0.08235412272772924	CARDLPPLGFNWGSLL*LL
11	0.06813907702943564	
18	0.06813907702943564	
16	0.06711409510035057	
45	0.06628502561012353	CAKDQGVTGLDFDYW
33	0.06628502561012353	CARQYYHLDXW
89	0.0647855653663835	
23	0.0606856376500432	
92	0.06044839849271572	
91	0.057734672018196286	
13	0.04933890414665764	
15	0.048313922217572566	
96	0.04660120024432163	
12	0.03482794328191427	
95	0.03397489636387066	
94	0.03200758594263938	
9	0.03094127729508487	
17	0.025513824346046	
